station_id,name,lat,lon,precip_mm_2025
US1OHAB0021,ASHTABULA 1.8 NNE,41.9037,-80.7829,910.4
US1OHAD0005,SEAMAN 3.4 E,38.9399,-83.509,1270.7
US1OHAD0006,PEEBLES 4.2 N,39.0075,-83.4146,1174.8
US1OHAL0005,LIMA 2.7 NE,40.7739,-84.08,904.3
US1OHAL0008,DELPHOS 2.3 ESE,40.8335,-84.2982,711.4
US1OHAL0010,LIMA 3.0 SSE,40.7009,-84.0966,715.5
US1OHAL0014,LIMA 7.3 SE,40.6561,-84.0334,862.2
US1OHAS0002,ASHLAND 3.9 SW,40.8326,-82.3763,800.6
US1OHAS0007,POLK 5.5 S,40.8661,-82.2003,760.5
US1OHAS0008,NOVA 3.8 WSW,41.0124,-82.3735,991.6
US1OHAT0003,STEWART 4.6 NNE,39.3718,-81.8662,1184.5
US1OHAT0005,AMESVILLE 2.6 SE,39.3722,-81.9231,1158.8
US1OHAT0006,ALBANY 4.1 NW,39.2728,-82.243,1028.6
US1OHAT0009,GLOUSTER 3.6 SW,39.4676,-82.1336,1230.7
US1OHAT0016,ATHENS 2.3 SSE,39.294,-82.0793,1066.8
US1OHAT0020,CHAUNCEY 1.6 SE,39.3818,-82.1078,1173.6
US1OHAT0021,ATHENS 4.6 ESE,39.3099,-82.0128,1431.6
US1OHAT0028,ATHENS 6.0 NW,39.3732,-82.1896,1244.7
US1OHBR0017,GEORGETOWN 0.5 NE,38.8722,-83.8965,1166.2
US1OHBR0018,HAMERSVILLE 1.2 SE,38.9048,-83.9721,1255.4
US1OHBR0019,SARDINIA 0.5 ESE,39.0027,-83.7983,1238.3
US1OHBT0001,HAMILTON 4.7 E,39.3933,-84.477,1083.5
US1OHBT0022,HAMILTON 1.2 NNW,39.4077,-84.5712,975.2
US1OHBT0034,MIDDLETOWN 2.7 NNE,39.5387,-84.3465,1083.4
US1OHBT0037,BECKETT RIDGE 3.3 ESE,39.3266,-84.3797,1112.8
US1OHBT0039,HAMILTON 5.3 ENE,39.4263,-84.4764,1170.2
US1OHCB0008,HANOVERTON 0.4 ENE,40.757,-80.9292,1062.6
US1OHCB0010,LISBON 0.4 SW,40.7723,-80.7751,940.6
US1OHCB0018,WELLSVILLE 4.3 N,40.6644,-80.6424,953.4
US1OHCB0029,LEETONIA 1.9 SSW,40.8527,-80.7758,951.2
US1OHCB0031,WELLSVILLE 1.9 N,40.6307,-80.6597,1028.6
US1OHCC0004,FRESNO 2.2 NNE,40.3583,-81.7193,919.8
US1OHCC0008,WARSAW 6.0 WSW,40.2878,-82.0961,1085.1
US1OHCH0021,URBANA 0.3 E,40.108,-83.7458,1044.2
US1OHCK0013,SPRINGFIELD 7.4 SW,39.8599,-83.9045,934.7
US1OHCK0020,SPRINGFIELD 6.4 SW,39.8671,-83.8884,968.6
US1OHCK0024,SOUTH CHARLESTON 3.8 NNW,39.8775,-83.662,1071.3
US1OHCK0028,SOUTH CHARLESTON 3.5 NW,39.8562,-83.697,1037.7
US1OHCM0018,WITHAMSVILLE 1.4 NW,39.0715,-84.29,1197.6
US1OHCM0021,LOVELAND 2.1 S,39.2368,-84.2668,1224.8
US1OHCM0025,LOVELAND 3.1 SE,39.233,-84.2373,1237.0
US1OHCM0031,WILLIAMSBURG 1.4 ESE,39.0428,-84.029,1393.9
US1OHCM0033,LOVELAND 5.2 SE,39.2227,-84.1948,1257.0
US1OHCN0006,WILMINGTON 3.6 W,39.442,-83.8988,1098.7
US1OHCN0010,WILMINGTON 2.2 N,39.4745,-83.8361,1101.9
US1OHCN0014,WILMINGTON 7.4 NNW,39.5461,-83.8728,1226.8
US1OHCN0015,WILMINGTON 3.6 W,39.4365,-83.8983,1224.1
US1OHCN0017,CLARKSVILLE 3.9 ENE,39.4184,-83.9127,1180.6
US1OHCN0024,MIDLAND 2.9 S,39.2651,-83.9202,1402.5
US1OHCR0005,CARROLLTON 0.9 NNE,40.5909,-81.0827,882.9
US1OHCR0007,CARROLLTON 7.2 NNE,40.6781,-81.0449,961.3
US1OHCW0003,BUCYRUS 1.0 NW,40.8146,-82.9848,970.8
US1OHCW0006,BUCYRUS 8.7 NE,40.9036,-82.8745,986.4
US1OHCY0024,PARMA 1.9 NNW,41.4088,-81.7448,1205.9
US1OHCY0041,LAKEWOOD 1.3 SSW,41.4667,-81.8112,1092.8
US1OHCY0042,STRONGSVILLE 1.3 SE,41.2981,-81.8151,1000.7
US1OHCY0048,HIGHLAND HILLS 0.8 W,41.4473,-81.5337,1375.1
US1OHCY0053,BEREA 1.1 NW,41.3821,-81.8758,773.4
US1OHCY0079,WESTLAKE 3.0 SW,41.419,-81.9635,1023.2
US1OHCY0082,RICHMOND HEIGHTS 0.9 NNE,41.5707,-81.4989,1079.4
US1OHDL0010,SUNBURY 5.7 ESE,40.2001,-82.7732,1130.1
US1OHDL0012,LEWIS CENTER 1.4 E,40.1967,-82.9835,898.2
US1OHDL0013,GALENA 3.0 WNW,40.2337,-82.9362,814.5
US1OHDL0032,POWELL 0.9 NNW,40.1719,-83.0753,1009.7
US1OHDL0035,NEW ALBANY 4.0 NE,40.1265,-82.7629,1018.8
US1OHDL0036,MAGNETIC SPRINGS 2.1 NNE,40.3813,-83.2483,810.2
US1OHDL0037,SUNBURY 4.8 WNW,40.2826,-82.9422,923.9
US1OHDL0039,POWELL 5.3 NW,40.2238,-83.1236,911.2
US1OHDL0047,DELAWARE 0.7 NE,40.3053,-83.0711,809.9
US1OHDR0001,BRADFORD 2.3 NW,40.1526,-84.4613,924.3
US1OHDR0007,VERSAILLES 1.6 WSW,40.2181,-84.5139,948.1
US1OHDR0018,ARCANUM 3.2 SSW,39.9494,-84.5796,956.7
US1OHDR0025,VERSAILLES 1.6 WSW,40.2184,-84.5133,842.4
US1OHDR0029,ARCANUM 4.1 ENE,40.0225,-84.4887,914.3
US1OHDR0031,ARCANUM 4.0 NE,40.0275,-84.4936,987.4
US1OHDR0035,PITSBURG 1.7 S,39.9616,-84.4894,878.2
US1OHER0008,CASTALIA 1.8 NNE,41.4229,-82.7905,815.9
US1OHER0011,BERLIN HEIGHTS 0.4 N,41.3262,-82.492,1127.8
US1OHER0018,HURON 2.5 SSW,41.3621,-82.5745,1000.4
US1OHER0048,VERMILION 6.1 SW,41.3603,-82.4127,1119.0
US1OHER0063,SANDUSKY 1.3 SSW,41.4397,-82.7277,933.8
US1OHFF0024,CANAL WINCHESTER 1.7 ENE,39.8591,-82.793,1105.3
US1OHFF0026,PICKERINGTON 3.5 ENE,39.915,-82.7103,1107.2
US1OHFF0029,PICKERINGTON 2.4 N,39.9253,-82.7674,1118.7
US1OHFF0030,PLEASANTVILLE 2.9 WSW,39.8004,-82.577,1127.0
US1OHFF0043,CARROLL 1.9 WNW,39.8104,-82.7355,1146.1
US1OHFF0059,LANCASTER 3.3 N,39.7697,-82.6069,1233.8
US1OHFL0013,SWANTON 4.0 S,41.5272,-83.9067,785.4
US1OHFL0016,ARCHBOLD 4.7 NW,41.5678,-84.3611,910.1
US1OHFL0023,DELTA 0.4 ENE,41.5765,-83.9948,701.7
US1OHFR0002,DUBLIN 3.2 ENE,40.1299,-83.0742,1007.0
US1OHFR0003,GRANDVIEW HEIGHTS 0.1 N,39.981,-83.0401,914.9
US1OHFR0008,NEW ALBANY 2.8 SSE,40.0403,-82.798,1066.2
US1OHFR0046,COLUMBUS 8.2 NE,40.0639,-82.8673,893.0
US1OHFR0051,COLUMBUS 3.7 NW,40.021,-83.0427,706.7
US1OHFR0059,NEW ROME 2.2 NW,39.976,-83.1667,978.4
US1OHFR0075,COLUMBUS 5.0 NNW,40.0596,-83.0099,880.4
US1OHFR0111,GROVE CITY 1.9 SSE,39.8479,-83.0608,1013.7
US1OHFR0127,BEXLEY 1.0 N,39.9788,-82.9355,895.3
US1OHFR0129,COLUMBUS 3.7 ESE,39.968,-82.9232,942.1
US1OHFR0158,HILLIARD 2.4 SW,40.0177,-83.1803,1017.7
US1OHFR0159,WORTHINGTON 1.3 SW,40.0847,-83.0381,899.5
US1OHFR0160,GALLOWAY 4.3 W,39.9152,-83.2431,1055.0
US1OHFR0172,DUBLIN 3.4 E,40.1242,-83.0691,898.6
US1OHFR0175,HILLIARD 1.6 ENE,40.0497,-83.1171,895.2
US1OHFY0005,WASHINGTON 3.9 ESE,39.5101,-83.367,1252.7
US1OHFY0008,WASHINGTON COURT HOUSE 0.6 ESE,39.5328,-83.4272,1236.5
US1OHGG0004,MONTVILLE 1.2 SSE,41.5903,-81.048,1208.2
US1OHGG0007,MIDDLEFIELD 0.6 NE,41.4644,-81.0652,1411.7
US1OHGG0011,MADISON 4.2 S,41.7124,-81.0387,1207.0
US1OHGG0021,AUBURN CORNERS 3.0 WSW,41.3627,-81.2699,1356.1
US1OHGR0013,XENIA 2.1 NNE,39.7117,-83.9235,1177.9
US1OHGR0015,BEAVERCREEK 1.5 ENE,39.7353,-84.0355,1166.2
US1OHGR0019,YELLOW SPRINGS 2.5 ENE,39.8133,-83.8511,1055.8
US1OHGR0020,BEAVERCREEK 2.0 NE,39.7486,-84.0341,1059.7
US1OHGR0026,XENIA 2.8 SW,39.6595,-83.9805,1189.7
US1OHGR0037,FAIRBORN 2.0 SW,39.781,-84.0386,1274.1
US1OHGR0044,BEAVERCREEK 2.5 NNW,39.7637,-84.0742,1231.1
US1OHGR0045,BEAVERCREEK 0.9 SW,39.7205,-84.0744,962.6
US1OHGY0014,CAMBRIDGE 1.8 E,40.0295,-81.5537,845.1
US1OHHC0010,JENERA 1.6 SE,40.8816,-83.709,800.5
US1OHHC0012,FINDLAY 0.4 WSW,41.0401,-83.6492,734.1
US1OHHC0021,FINDLAY 1.0 SSW,41.0312,-83.6515,775.7
US1OHHD0014,ADA 5.4 NE,40.8131,-83.7383,718.4
US1OHHG0008,BAINBRIDGE 5.7 WSW,39.203,-83.3727,1209.4
US1OHHG0012,GREENFIELD 3.6 SW,39.3115,-83.4267,1027.1
US1OHHM0003,WYOMING 1.2 NW,39.2407,-84.4995,1253.3
US1OHHM0013,CINCINNATI 8.9 NW,39.25,-84.579,1211.6
US1OHHM0037,CHERRY GROVE 0.4 NW,39.084,-84.328,1397.6
US1OHHM0056,CINCINNATI 7.4 NNW,39.2068,-84.546,1252.9
US1OHHM0064,CINCINNATI 7.5 E,39.0808,-84.3752,903.1
US1OHHM0069,SHERWOOD 1.3 SSW,39.0672,-84.3711,1255.5
US1OHHM0075,CLEVES 0.7 NNE,39.1715,-84.7446,1184.6
US1OHHM0080,WYOMING 0.5 WNW,39.2323,-84.4908,1227.8
US1OHHM0086,MACK SOUTH 0.4 N,39.1478,-84.6727,1217.9
US1OHHM0094,SILVERTON 0.2 NE,39.1912,-84.3982,952.9
US1OHHM0096,NORTHBROOK 1.1 ENE,39.2539,-84.5595,1242.5
US1OHHM0099,DILLONVALE 0.6 WSW,39.2136,-84.4117,1092.2
US1OHHR0002,BELLEVUE 0.6 N,41.2839,-82.8408,1029.5
US1OHHR0010,NORWALK 2.1 SW,41.2231,-82.642,629.4
US1OHHY0007,NAPOLEON 0.6 WSW,41.391,-84.1378,733.8
US1OHHY0009,NAPOLEON 4.5 NNW,41.457,-84.1496,781.2
US1OHHY0014,NAPOLEON 1.2 SSE,41.3795,-84.116,842.6
US1OHJC0004,OAK HILL 0.6 SSW,38.8881,-82.5742,1010.6
US1OHJF0009,MOUNT PLEASANT 1.4 WSW,40.165,-80.8229,952.3
US1OHJF0011,WINTERSVILLE 0.7 WNW,40.3843,-80.7176,549.6
US1OHKN0004,FREDERICKTOWN 4.0 NNW,40.5355,-82.5628,1114.6
US1OHKN0007,MOUNT VERNON 0.2 WNW,40.3921,-82.4788,990.5
US1OHKN0009,FREDERICKTOWN 2.8 NE,40.5049,-82.5053,1093.1
US1OHLC0010,GRANVILLE 4.0 N,40.1282,-82.5158,1053.7
US1OHLC0014,GRANVILLE 5.6 N,40.1542,-82.5101,1087.0
US1OHLC0022,PATASKALA 3.2 E,39.998,-82.6136,1037.9
US1OHLC0028,NEWARK 9.9 ENE,40.1449,-82.2664,1014.4
US1OHLC0029,PATASKALA 0.2 E,40.0008,-82.6696,1124.1
US1OHLC0030,PATASKALA 2.1 ENE,40.013,-82.6381,1216.8
US1OHLC0039,PATASKALA 3.2 W,40.0094,-82.7333,827.4
US1OHLC0045,HEATH 0.7 SSW,40.0172,-82.4428,1230.3
US1OHLG0012,LAKEVIEW 0.2 N,40.4911,-83.9253,897.8
US1OHLG0015,BELLEFONTAINE 1.4 NNE,40.3786,-83.7467,881.4
US1OHLK0018,MENTOR 2.1 ESE,41.6779,-81.2971,875.4
US1OHLK0025,WILLOUGHBY 3.2 N,41.6931,-81.4062,916.7
US1OHLR0002,WELLINGTON 5.5 SW,41.1134,-82.3036,978.6
US1OHLR0008,ELYRIA 0.4 SE,41.3763,-82.0992,821.7
US1OHLR0025,NORTH RIDGEVILLE 2.5 NE,41.4155,-81.9844,914.5
US1OHLR0027,VERMILION 1.7 NW,41.4275,-82.3444,935.6
US1OHLR0030,WAKEMAN 6.1 NE,41.3248,-82.3304,1085.4
US1OHLR0032,AVON 1.1 NW,41.4622,-82.0394,1054.1
US1OHLR0036,LORAIN 2.6 NE,41.4676,-82.1481,878.0
US1OHLS0014,OREGON 2.8 SSW,41.6305,-83.4411,677.7
US1OHLS0022,WATERVILLE 2.4 NNE,41.5309,-83.7188,802.3
US1OHLS0023,SWANTON 6.7 NNE,41.671,-83.8354,765.0
US1OHLS0041,TOLEDO 3.9 NW,41.7019,-83.6366,855.0
US1OHLS0044,MAUMEE 0.6 N,41.5831,-83.6513,881.4
US1OHLS0045,TOLEDO 4.5 ESE,41.6368,-83.5023,796.1
US1OHMA0009,LONDON 1.2 N,39.9062,-83.4367,1038.0
US1OHMC0007,MARIA STEIN 3.0 SSW,40.3699,-84.5214,804.0
US1OHMD0001,WADSWORTH 4.7 WNW,41.0428,-81.8193,995.7
US1OHMD0002,BRUNSWICK 0.5 NE,41.2498,-81.8133,1193.4
US1OHMD0010,MEDINA 0.8 ENE,41.1412,-81.8534,1037.2
US1OHMD0016,SPENCER 1.5 E,41.0989,-82.0938,972.1
US1OHMD0019,SEVILLE 0.2 NW,41.0243,-81.8704,914.6
US1OHMD0021,MEDINA 0.4 SSE,41.1308,-81.8644,953.6
US1OHMD0022,HOMERVILLE 0.2 E,41.0269,-82.1226,1021.4
US1OHMG0003,GLOUSTER 5.7 NE,39.5529,-82.0001,1226.1
US1OHMH0010,SALEM 4.5 NE,40.9532,-80.7992,976.4
US1OHMH0011,CANFIELD 0.5 N,41.0364,-80.7659,1037.9
US1OHMH0021,NORTH LIMA 1.9 W,40.9473,-80.6966,1026.0
US1OHMH0026,BELOIT 5.9 NE,40.9883,-80.9333,959.6
US1OHMK0012,NORWICH 1.1 SE,39.9753,-81.7767,1079.2
US1OHMK0013,NEW CONCORD 5.2 SSW,39.9235,-81.7578,972.7
US1OHMM0013,TROY 3.1 S,39.9998,-84.2114,929.8
US1OHMM0014,TIPP CITY 0.6 SE,39.9573,-84.1749,1062.9
US1OHMM0027,WEST MILTON 1.7 NW,39.9708,-84.3483,984.7
US1OHMM0029,PIQUA 1.4 SSW,40.1287,-84.2644,944.6
US1OHMN0003,LOWER SALEM 9.0 ENE,39.5982,-81.2309,1081.0
US1OHMW0004,MOUNT GILEAD 4.9 ESE,40.5143,-82.7556,1006.6
US1OHMW0008,MOUNT GILEAD 0.0 SSE,40.5501,-82.8357,963.0
US1OHMY0005,FARMERSVILLE 1.7 E,39.6807,-84.3954,1125.9
US1OHMY0009,KETTERING 0.2 ESE,39.6949,-84.1464,1161.2
US1OHMY0018,HUBER HEIGHTS 1.8 NNW,39.8795,-84.1278,1140.4
US1OHMY0034,UNION 1.0 WSW,39.8979,-84.3284,1104.7
US1OHMY0039,CENTERVILLE 3.9 S,39.5854,-84.1495,1237.3
US1OHMY0046,MIAMISBURG 1.5 SE,39.6227,-84.2529,996.9
US1OHMY0076,DAYTON 6.0 NNW,39.8593,-84.243,1053.3
US1OHMY0079,CLAYTON 0.6 E,39.8611,-84.3442,961.4
US1OHMY0091,RIVERSIDE 1.9 NW,39.7975,-84.1512,1079.1
US1OHMY0095,HUBER HEIGHTS 2.3 WNW,39.8677,-84.1538,1088.5
US1OHMY0096,CENTERVILLE 0.7 E,39.6394,-84.1273,1000.5
US1OHMY0106,BROOKVILLE 5.0 NNW,39.897,-84.465,986.5
US1OHNB0004,SENECAVILLE 4.0 SE,39.8915,-81.4098,1092.4
US1OHOT0004,PUT-IN-BAY 1.1 SSW,41.639,-82.8248,833.1
US1OHOT0009,PORT CLINTON 6.8 W,41.5239,-83.0683,836.6
US1OHOT0011,OAK HARBOR 0.4 W,41.5108,-83.1551,1047.4
US1OHPB0001,EATON 1.0 N,39.7647,-84.6338,1040.2
US1OHPC0007,CIRCLEVILLE 1.5 NE,39.6193,-82.924,944.2
US1OHPC0010,ASHVILLE 4.9 W,39.7215,-83.0477,1045.9
US1OHPK0002,WAVERLY 4.2 NE,39.1735,-82.9349,894.6
US1OHPN0010,OTTAWA 1.0 N,41.0356,-84.0432,806.3
US1OHPN0014,LEIPSIC 5.4 W,41.1081,-84.0883,779.7
US1OHPT0002,RAVENNA 0.5 E,41.1599,-81.2321,1090.3
US1OHPT0009,HIRAM 0.4 N,41.316,-81.1434,1315.0
US1OHPT0010,KENT 3.6 NE,41.2008,-81.3389,936.2
US1OHPT0012,MOGADORE 4.7 SE,41.0085,-81.329,833.4
US1OHPT0017,KENT 1.5 W,41.1472,-81.3908,833.0
US1OHPT0023,STREETSBORO 1.8 NW,41.2599,-81.3667,1174.9
US1OHPT0024,ROOTSTOWN 0.5 NW,41.1038,-81.2505,1017.9
US1OHPT0025,KENT 4.2 SE,41.1119,-81.2978,939.5
US1OHPT0027,WINDHAM 1.4 NNW,41.2551,-81.0445,996.2
US1OHRC0007,SHELBY 0.6 NNE,40.89,-82.6558,1488.7
US1OHRC0009,MANSFIELD 5.1 WSW,40.7383,-82.6183,1192.3
US1OHRC0015,LEXINGTON 1.4 ENE,40.6859,-82.5614,982.3
US1OHRC0017,GALION 3.7 ENE,40.7468,-82.7226,1218.3
US1OHRC0018,LEXINGTON 2.3 NNW,40.7082,-82.606,1095.9
US1OHRS0017,FRANKFORT 0.7 NE,39.4152,-83.1735,1293.4
US1OHSD0002,FREMONT 2.2 ENE,41.3658,-83.0754,1038.3
US1OHSH0010,RUSSIA 1.3 NNE,40.2505,-84.4053,896.5
US1OHSH0011,HOUSTON 1.3 NNE,40.2709,-84.3247,1022.4
US1OHSH0013,FORT LORAMIE 3.2 SW,40.3153,-84.4154,919.0
US1OHSH0014,FORT LORAMIE 2.1 WNW,40.3563,-84.4076,804.0
US1OHSH0015,FORT LORAMIE 0.8 NNW,40.3569,-84.3736,870.3
US1OHSH0020,SIDNEY 5.4 SW,40.2371,-84.2408,962.7
US1OHSM0005,CUYAHOGA FALLS 1.1 ESE,41.1623,-81.5037,986.1
US1OHSM0022,FAIRLAWN 0.2 SW,41.1229,-81.6252,1022.0
US1OHSM0039,TALLMADGE 0.8 NNE,41.114,-81.4197,931.9
US1OHSN0003,TIFFIN 5.2 SE,41.0589,-83.1127,1084.7
US1OHST0011,CANTON 2.0 ENE,40.8224,-81.3374,841.3
US1OHST0012,ALLIANCE 4.8 SSW,40.8517,-81.1631,893.3
US1OHTR0004,NEWTON FALLS 0.6 N,41.1977,-80.9721,1066.9
US1OHTS0001,DOVER 4.6 WNW,40.5507,-81.564,925.0
US1OHTS0008,SUGARCREEK 0.9 ENE,40.5114,-81.6257,918.4
US1OHTS0014,UHRICHSVILLE 0.7 N,40.4099,-81.3532,970.1
US1OHTS0024,NEW PHILADELPHIA 5.6 WSW,40.4445,-81.5317,941.5
US1OHUN0018,MARYSVILLE 6.1 ENE,40.2727,-83.268,974.1
US1OHUN0020,PLAIN CITY 4.1 NE,40.1533,-83.2232,822.0
US1OHUN0021,MARYSVILLE 1.3 ENE,40.2425,-83.3508,877.7
US1OHVN0005,MCARTHUR 7.0 W,39.2633,-82.607,1171.7
US1OHWD0012,BOWLING GREEN 2.7 NW,41.4082,-83.6716,851.0
US1OHWD0014,PERRYSBURG 1.6 WSW,41.5411,-83.6497,805.4
US1OHWD0023,BOWLING GREEN 0.8 W,41.3757,-83.6641,763.4
US1OHWD0026,WAYNE 0.3 ESE,41.3002,-83.467,849.4
US1OHWD0027,NORTHWOOD 1.8 SE,41.5919,-83.4549,784.4
US1OHWD0033,PERRYSBURG 2.2 WSW,41.5376,-83.6612,810.4
US1OHWL0005,ALVORDTON 0.5 E,41.6654,-84.4244,815.9
US1OHWN0012,WEST SALEM 1.3 SSE,40.9513,-82.1015,809.9
US1OHWN0014,MOUNT EATON 0.2 W,40.6954,-81.7059,1030.6
US1OHWN0021,DOYLESTOWN 2.0 ESE,40.9575,-81.6624,788.8
US1OHWR0014,LEBANON 3.4 E,39.4202,-84.1493,1287.0
US1OHWR0035,LEBANON 3.7 ENE,39.4402,-84.1456,1182.2
US1OHWR0036,SPRINGBORO 3.7 SE,39.53,-84.1841,997.1
US1OHWR0040,LOVELAND 3.6 ENE,39.2929,-84.2163,1282.2
US1OHWR0053,BLANCHESTER 3.0 NW,39.324,-84.0128,1241.1
US1OHWS0012,WATERFORD 3.4 SSW,39.4952,-81.664,1045.7
US1OHWS0014,MARIETTA 3.5 NNW,39.4678,-81.473,1068.5
USC00330082,ALEXANDRIA 2 NNW,40.1181,-82.6269,1046.3
USC00330140,AMELIA,39.0214,-84.2186,1372.9
USC00330279,ATHENS OU,39.3225,-82.0994,1076.2
USC00330563,BELLEFONTAINE,40.3536,-83.7753,982.7
USC00330573,BELLEVILLE L&D,39.1167,-81.7428,1181.0
USC00330639,BERLIN LAKE,41.0431,-81.0092,917.3
USC00330676,BEVERLY STP,39.5475,-81.6283,1044.4
USC00330862,BOWLING GREEN WWTP,41.3831,-83.6111,833.8
USC00331042,BRYAN 2 SE,41.4619,-84.5272,800.1
USC00331057,BUCKEYE LAKE 1 N,39.9522,-82.4819,1056.1
USC00331072,BUCYRUS,40.8125,-82.9697,1020.0
USC00331390,CELINA 3 NE,40.5689,-84.5369,827.7
USC00331404,CENTERBURG 2 SE,40.2914,-82.6547,1064.0
USC00331458,CHARDON,41.5872,-81.1914,1263.0
USC00331516,CHEVIOT 3 W,39.1514,-84.6769,1231.7
USC00331524,CHILLICOTHE 6 NW,39.3836,-83.0772,1259.3
USC00331536,CHILO MELDAHL LOCKS & DAM,38.7975,-84.173,1285.7
USC00331592,CIRCLEVILLE,39.6103,-82.9556,1256.2
USC00331777,COLUMBUS-HAP CREMEAN WP,40.0603,-82.8942,1052.3
USC00331779,COLUMBUS-PARSONS AVE,39.8469,-82.9872,1041.5
USC00331785,COLUMBUS WCMH,40.025,-83.0269,985.3
USC00332067,DAYTON MCD,39.7817,-84.1903,1058.2
USC00332098,DEFIANCE,41.2783,-84.3847,831.5
USC00332120,DELAWARE 2 ESE,40.2886,-83.0486,1030.3
USC00332124,DELAWARE LAKE,40.3583,-83.0703,658.8
USC00332160,DENNISON WTR WKS,40.4056,-81.3436,1017.0
USC00332485,EATON,39.7328,-84.6353,1059.2
USC00332513,EDON 4S,41.4981,-84.7744,789.4
USC00332585,ELMORE 5 E,41.4914,-83.2147,1056.2
USC00332651,FAIRFIELD,39.3478,-84.5897,1296.0
USC00332791,FINDLAY WPCC,41.0461,-83.6622,842.1
USC00332872,FT LORAMIE,40.3567,-84.3733,870.3
USC00332895,FT RECOVERY,40.41,-84.7856,375.7
USC00332928,FRANKLIN,39.5536,-84.3189,1086.1
USC00332929,FRANKLIN MCD,39.5528,-84.3147,1099.6
USC00332974,FREMONT,41.3336,-83.1197,979.4
USC00333021,GALION WTR WKS,40.7231,-82.8,1069.9
USC00333029,GALLIPOLIS,38.8208,-82.1817,1168.6
USC00333120,GERMANTOWN DAM,39.6361,-84.4014,1212.5
USC00333356,GREENFIELD WWTP,39.3417,-83.3767,1314.0
USC00333375,GREENVILLE WTP,40.1033,-84.6503,969.8
USC00333500,HANNIBAL LOCKS & DAM,39.6667,-80.8667,1123.1
USC00333722,HICKSVILLE,41.2875,-84.7597,747.8
USC00333758,HILLSBORO,39.2333,-83.6092,1328.3
USC00333780,HIRAM,41.3072,-81.1475,1289.4
USC00333915,LAKEVIEW,40.4911,-83.9253,897.8
USC00334004,JACKSON 3 NW,39.0792,-82.7064,1063.6
USC00334189,KENTON,40.6486,-83.6061,604.3
USC00334238,KINGS MILLS,39.3531,-84.2603,1158.4
USC00334249,KIRKERSVILLE 3 N,39.9981,-82.5986,1057.9
USC00334261,KIRWAN DAM,41.1433,-81.0789,1005.0
USC00334403,LANCASTER,39.7156,-82.6072,1133.8
USC00334551,LIMA WWTP,40.7247,-84.1294,801.7
USC00334672,LOGAN,39.5325,-82.3939,1138.9
USC00334681,LONDON STATE FISH HATCHERY,39.8972,-83.5097,1068.7
USC00334830,MANCHESTER 5 ENE,38.7094,-83.5186,812.1
USC00334927,MARIETTA WWTP,39.4086,-81.4328,1184.0
USC00334979,MARYSVILLE,40.1939,-83.2675,840.3
USC00335188,MIAMITOWN,39.2158,-84.6947,1177.7
USC00335220,MIDDLETOWN,39.5161,-84.4072,953.9
USC00335297,MILLERSBURG,40.5375,-81.9197,956.6
USC00335438,MONTPELIER,41.5892,-84.5858,750.3
USC00335505,MOSQUITO CREEK LAKE,41.2986,-80.7642,1104.2
USC00335718,NELSONVILLE,39.5014,-82.2439,1230.0
USC00335747,NEWARK WTR WKS,40.0875,-82.4128,1097.4
USC00335786,NEW CARLISLE,39.9317,-84.0328,1170.6
USC00335851,NEW LEBANON,39.7372,-84.3956,1137.6
USC00335857,NEW LEXINGTON 2 NW,39.7331,-82.2156,1091.0
USC00336089,NORTON 3NE,41.0569,-81.6133,948.9
USC00336118,NORWALK WWTP,41.2633,-82.6147,811.1
USC00336196,OBERLIN,41.2803,-82.2186,910.0
USC00336342,OTTAWA,41.0325,-84.0542,825.1
USC00336375,OXFORD,39.5067,-84.7186,1298.7
USC00336389,PAINESVILLE 4 NW,41.7528,-81.2953,1006.0
USC00336405,PANDORA,40.9461,-83.9614,770.4
USC00336465,PAULDING,41.1247,-84.5919,737.3
USC00336493,PEEBLES,38.9469,-83.4161,1283.3
USC00336630,PIKETON,39.07,-83.0194,1158.9
USC00336645,PIQUA,40.1525,-84.2372,991.8
USC00336697,PLEASANT HILL,40.0553,-84.3581,921.1
USC00336781,PORTSMOUTH-SCIOTOVILLE,38.7569,-82.8872,1178.3
USC00336949,RAVENNA 2 S,41.1367,-81.2844,1021.7
USC00336955,RAYMOND 4 NW,40.3511,-83.485,847.8
USC00337383,ST MARYS 3 W,40.545,-84.4375,644.8
USC00337400,ST PARIS 2 NE,40.1392,-83.9289,1020.2
USC00337410,SALEM CTR 2 E,39.07,-82.2908,1193.7
USC00337693,SIDNEY 1 S,40.2706,-84.1508,1040.1
USC00337857,S PT,38.4239,-82.5931,1150.3
USC00337926,SPRINGFIELD 2 WSW,39.9164,-83.8467,1115.5
USC00337935,SPRINGFIELD WTP,39.9736,-83.8072,1037.8
USC00338025,STEUBENVILLE,40.3764,-80.6283,680.3
USC00338062,STOW 4 SE,41.1314,-81.4492,893.1
USC00338332,TIPP CITY,39.9572,-84.175,1062.9
USC00338502,UNION CITY,40.2064,-84.7944,779.6
USC00338552,URBANA WRF,40.0992,-83.7822,1142.0
USC00338609,VAN WERT 1 S,40.8494,-84.5808,743.8
USC00338642,VERSAILLES,40.2211,-84.4956,940.5
USC00338769,WARREN 3 S,41.2019,-80.8106,896.4
USC00338775,WARSAW 6 WSW,40.2878,-82.0967,1107.5
USC00338794,WASHINGTON COURT HOUSE,39.5353,-83.4239,1192.1
USC00338822,WAUSEON WTP,41.5183,-84.1453,731.1
USC00338830,WAVERLY,39.1114,-82.9797,1145.2
USC00338951,WESTERVILLE,40.1267,-82.9442,1043.2
USC00338965,W LIBERTY,40.2678,-83.7711,1090.0
USC00338990,W MANCHESTER 3 WSW,39.8731,-84.6556,1008.4
USC00339050,W UNION 6 ENE,38.8053,-83.4353,1258.6
USC00339220,WFO WILMINGTON,39.4217,-83.8222,1180.4
USC00339293,WINCHESTER 7 NNW,39.0414,-83.7047,1165.6
USC00339358,XENIA 3 N,39.7369,-83.9367,1224.5
USC00339361,XENIA 6 SSE,39.6131,-83.9058,1083.9
USW00004804,COLUMBUS OHIO STATE UNIV AP,40.0783,-83.0783,814.5
USW00004842,WOOSTER WAYNE CO AP,40.8733,-81.8886,848.1
USW00004849,ELYRIA LORAIN CO AP,41.3464,-82.1789,350.9
USW00004850,LIMA ALLEN CO AP,40.7081,-84.0214,752.2
USW00004851,DEFIANCE AP,41.3358,-84.4286,691.0
USW00004852,NEW PHILA CLEVER FLD,40.4703,-81.4217,675.4
USW00004853,CLEVELAND BURKE LAKEFRONT AP,41.5256,-81.6692,768.3
USW00004857,ASHTABULA CO AP,41.7794,-80.6969,622.3
USW00004858,NEWARK HEATH AP,40.0264,-82.4633,931.3
USW00013841,CINCINNATI,39.4206,-83.8214,1124.3
USW00014813,AKRON FULTON INTL AP,41.0372,-81.4633,787.2
USW00014820,CLEVELAND,41.4133,-81.86,997.1
USW00014821,JOHN GLENN INTL AP,39.9906,-82.8769,1003.3
USW00014825,FINDLAY AP,41.0136,-83.6681,678.7
USW00014846,SANDUSKY,41.45,-82.7167,785.2
USW00014852,YOUNGSTOWN-WARREN RGNL AP,41.2547,-80.6736,1015.4
USW00014891,MANSFIELD LAHM RGNL AP,40.8203,-82.5178,1056.9
USW00014895,AKRON CANTON AP,40.9181,-81.4433,889.4
USW00053844,LANCASTER FAIRFIELD CO AP,39.7572,-82.6633,988.1
USW00053855,HAMILTON BUTLER CO RGNL AP,39.3611,-84.5206,960.7
USW00053859,DAYTON WRIGHT BROTHERS AP,39.5917,-84.2264,986.4
USW00054856,WOOSTER 3 SSE,40.7642,-81.9103,927.3
USW00063888,SPRINGFIELD BECKLEY AP,39.8403,-83.84,948.2
USW00093812,CINCINNATI MUNI AP LUNKEN FLD,39.1061,-84.4161,1495.7
USW00093815,DAYTON INTL AP,39.9064,-84.2186,1035.6
USW00093824,ZANESVILLE MUNI AP,39.9461,-81.8931,897.6
USW00094830,TOLEDO EXPRESS AP,41.5869,-83.8053,715.6
